{
    "intrinsics": {
        "fx": 956.6371790853536,
        "fy": 957.5513954744499,
        "cx": 369.05487997375985,
        "cy": 651.4141915332738,
        "skew": 0.0
    },
    "extrinsics": [
        {
            "image": "image_01.jpeg",
            "rotation_matrix": [
                [
                    0.9969984716150806,
                    0.013872060607646064,
                    -0.07616832367651963
                ],
                [
                    -0.025115354152142874,
                    0.988562698076231,
                    -0.14870444162181207
                ],
                [
                    0.07323432653479997,
                    0.15017109544363144,
                    0.9859439007926637
                ]
            ],
            "translation_vector": [
                -118.14885487596908,
                -108.51488488914508,
                439.77334073140463
            ]
        },
        {
            "image": "image_02.jpeg",
            "rotation_matrix": [
                [
                    0.9982833293050882,
                    0.05391999285706216,
                    -0.02286982295172424
                ],
                [
                    -0.05069018224209783,
                    0.9910078713357222,
                    0.12383014324026163
                ],
                [
                    0.02934109500021695,
                    -0.12245829216894695,
                    0.9920398514289903
                ]
            ],
            "translation_vector": [
                -131.1390903248315,
                -43.7887547956231,
                474.41320287095937
            ]
        }
    ],
    "distortion": [
        0.19763674598678813,
        -0.70686386955266,
        0.0033693709001354176,
        0.006982435600581441,
        0.04877248560589912
    ]
}