{
    "intrinsics": {
        "fx": 1306.5044992382918,
        "fy": 1319.4165360944912,
        "cx": 631.9476805913887,
        "cy": 531.4118679193703,
        "skew": 0.0
    },
    "extrinsics": [
        {
            "image": "image_01.jpeg",
            "rotation_matrix": [
                [
                    0.07173738979865121,
                    0.9965890511385529,
                    0.040792279363075556
                ],
                [
                    -0.843022317267131,
                    0.038723948457995164,
                    0.5364828314171659
                ],
                [
                    0.5330732777906177,
                    -0.07287467987292534,
                    0.8429247662389484
                ]
            ],
            "translation_vector": [
                -48.40410113382676,
                120.33359089837383,
                455.4519928429104
            ]
        },
        {
            "image": "image_02.jpeg",
            "rotation_matrix": [
                [
                    0.7475094184914541,
                    0.6614554564591019,
                    -0.060879786358438936
                ],
                [
                    -0.5066886718240852,
                    0.6270634036541877,
                    0.5916570608407963
                ],
                [
                    0.429530277293362,
                    -0.41142212740457507,
                    0.8038877869268701
                ]
            ],
            "translation_vector": [
                -137.166259525293,
                158.2432114028849,
                608.5063691635571
            ]
        }
    ],
    "distortion": [
        -0.23592888356253108,
        0.671829176111738,
        -0.027043597711070975,
        0.003467719835128161,
        -0.7079286269827831
    ]
}